{
  "summary": {
    "GraphRAG": {
      "em": 0.032,
      "f1": 0.10471277673494483,
      "latency_p50": 5554.913878499974,
      "latency_p95": 6387.546865599733,
      "n_questions": 500
    },
    "GNN-RAG": {
      "em": 0.05,
      "f1": 0.12847625052269482,
      "latency_p50": 5344.148104999931,
      "latency_p95": 6199.178742450075,
      "n_questions": 500
    }
  },
  "meta": {
    "dataset": "HotpotQA distractor",
    "n_questions": 500,
    "seed": 42,
    "kg_triples": 60000,
    "kg_source": "Babelscape/rebel-dataset",
    "llm": "mistralai/Mistral-7B-Instruct-v0.2 (fp16)",
    "embeddings": "sentence-transformers/all-MiniLM-L6-v2",
    "gnn": "3-layer GAT, 4 heads, test AUC=0.7697",
    "run_date": "2026-03-12"
  }
}
